{
  "i18n": {
    "react-intl": "npm install react-intl",
    "@babel/cli": "npm install --save-dev  @babel/cli",
    "@babel/core": "npm install --save-dev @babel/core",
    "@babel/node": "npm install --save-dev @babel/node",
    "@babel/plugin-proposal-object-rest-spread": "npm install --save-dev @babel/plugin-proposal-object-rest-spread",
    "@babel/plugin-transform-runtime": "npm install --save-dev @babel/plugin-transform-runtime",
    "@babel/preset-env": "npm install --save-dev @babel/preset-env",
    "@babel/preset-es2015": "npm install --save-dev @babel/preset-es2015",
    "@babel/preset-react": "npm install --save-dev @babel/preset-react",
    "@babel/preset-stage-0": "npm install --save-dev @babel/preset-stage-0",
    "babel-plugin-react-intl": "npm install babel-plugin-react-intl",
    "babel-preset-react-hmre": "npm install babel-preset-react-hmre --save-dev"
  },
  "ag-grid": {
    "react-grid": "npm install --save ag-grid-community ag-grid-react"
  },
  "chart-js": {
    "react-chartjs-2": "npm install react-chartjs-2 chart.js --save"
  }
}
